City_ID,City,Country,Date,Lat,Lng,Max Temp,Humidity,Cloudiness,Wind Speed
0,Bambous Virieux,MU,2021-11-23 05:01:27,-20.3428,57.7575,81.21,66,15,8.39
1,Bukama,CD,2021-11-23 05:04:52,-9.2,25.85,69.98,95,99,3.42
2,Omboue,GA,2021-11-23 05:04:52,-1.5746,9.2618,76.01,92,100,4.47
3,Perumpavur,IN,2021-11-23 05:04:52,10.1333,76.4833,87.22,66,40,2.3
4,Gushikawa,JP,2021-11-23 05:04:53,26.3544,127.8686,69.03,58,75,12.66
5,Srednekolymsk,RU,2021-11-23 05:04:53,67.45,153.6833,-30.19,99,63,4.81
6,Port Elizabeth,ZA,2021-11-23 05:01:48,-33.918,25.5701,61.11,72,98,15.39
7,Airai,TL,2021-11-23 05:02:53,-8.9266,125.4092,76.51,52,86,2.13
8,Puerto Ayora,EC,2021-11-23 05:01:17,-0.7393,-90.3518,67.93,76,25,6.38
9,Mount Gambier,AU,2021-11-23 05:04:54,-37.8333,140.7667,57.99,98,100,3.85
10,Ushuaia,AR,2021-11-23 05:04:54,-54.8,-68.3,37.06,75,40,4.61
11,Tasiilaq,GL,2021-11-23 05:01:21,65.6145,-37.6368,26.76,63,98,7.72
12,Tuktoyaktuk,CA,2021-11-23 05:04:54,69.4541,-133.0374,-6.54,95,100,8.1
13,Luanda,AO,2021-11-23 05:00:38,-8.8368,13.2343,78.8,83,75,6.91
14,Taitung,TW,2021-11-23 05:04:55,22.7583,121.1444,71.87,60,75,6.91
15,Albany,US,2021-11-23 05:04:55,42.6001,-73.9662,32.36,71,20,1.99
16,Busselton,AU,2021-11-23 05:01:17,-33.65,115.3333,72.0,43,0,12.64
17,Georgetown,MY,2021-11-23 05:04:55,5.4112,100.3354,87.73,74,20,10.36
18,Butaritari,KI,2021-11-23 05:04:56,3.0707,172.7902,82.33,77,20,12.66
19,Saskylakh,RU,2021-11-23 05:04:56,71.9167,114.0833,-24.75,98,11,8.9
20,Hermanus,ZA,2021-11-23 05:04:56,-34.4187,19.2345,66.9,75,11,9.04
21,Rikitea,PF,2021-11-23 05:04:57,-23.1203,-134.9692,75.96,77,1,11.27
22,Strezhevoy,RU,2021-11-23 05:04:57,60.7333,77.5889,24.78,89,100,13.24
23,Pacific Grove,US,2021-11-23 05:04:20,36.6177,-121.9166,58.5,44,1,1.01
24,Longyearbyen,SJ,2021-11-23 05:01:10,78.2186,15.6401,4.84,56,20,6.91
25,Santarem,BR,2021-11-23 05:04:24,-2.4431,-54.7083,73.53,100,0,3.44
26,Constitucion,CL,2021-11-23 05:01:39,-35.3333,-72.4167,59.92,57,0,7.2
27,Thompson,CA,2021-11-23 05:01:19,55.7435,-97.8558,5.29,81,100,7.78
28,Barrow,US,2021-11-23 05:04:14,71.2906,-156.7887,-2.18,78,90,4.61
29,Jacareacanga,BR,2021-11-23 05:04:58,-6.2222,-57.7528,73.2,96,99,2.08
30,Mataura,NZ,2021-11-23 05:04:24,-46.1927,168.8643,61.66,48,79,6.06
31,Anaco,VE,2021-11-23 05:04:58,9.4389,-64.4728,73.17,87,67,7.29
32,Aklavik,CA,2021-11-23 05:04:58,68.2191,-135.0107,-8.1,96,100,9.33
33,Requena,ES,2021-11-23 05:04:59,39.4883,-1.1004,44.13,91,99,3.89
34,Batagay-Alyta,RU,2021-11-23 05:04:59,67.8006,130.4114,-27.02,98,46,3.29
35,Malpe,IN,2021-11-23 05:04:59,13.35,74.7167,85.3,74,20,2.86
36,Mezhdurechensk,RU,2021-11-23 05:05:00,53.6942,88.0603,32.88,81,100,5.91
37,Bud,US,2021-11-23 05:05:00,39.447,-86.1758,27.21,79,2,5.57
38,Puerto Escondido,MX,2021-11-23 05:05:00,15.85,-97.0667,77.83,69,40,5.75
39,Umm Lajj,SA,2021-11-23 05:05:00,25.0213,37.2685,71.51,35,2,12.93
40,Saint Anthony,US,2021-11-23 05:05:01,45.0205,-93.218,30.13,56,1,1.99
41,Hofn,IS,2021-11-23 05:05:01,64.2539,-15.2082,42.39,65,84,6.96
42,Pisco,PE,2021-11-23 05:05:01,-13.7,-76.2167,67.01,82,90,8.05
43,Punta Arenas,CL,2021-11-23 05:05:02,-53.15,-70.9167,39.31,70,75,5.75
44,Kapaa,US,2021-11-23 05:02:28,22.0752,-159.319,77.11,79,21,1.01
45,Syedove,UA,2021-11-23 05:06:02,47.0768,38.156,46.0,94,100,2.46
46,Poyarkovo,RU,2021-11-23 05:06:02,49.6,128.6833,21.76,94,100,17.13
47,Vao,NC,2021-11-23 05:06:03,-22.6667,167.4833,75.18,79,99,11.01
48,Jamestown,US,2021-11-23 05:01:16,42.097,-79.2353,32.72,66,81,5.99
49,Atuona,PF,2021-11-23 05:01:08,-9.8,-139.0333,77.79,76,100,9.73
50,Ambunti,PG,2021-11-23 05:06:03,-4.2365,142.8448,84.58,85,43,1.88
51,Sitka,US,2021-11-23 05:06:03,57.0531,-135.33,35.49,87,90,0.0
52,Fort Smith,US,2021-11-23 05:06:03,35.3859,-94.3986,44.26,68,1,1.99
53,Kavaratti,IN,2021-11-23 05:06:04,10.5669,72.642,81.39,76,84,8.03
54,Grand Gaube,MU,2021-11-23 05:04:22,-20.0064,57.6608,82.38,61,7,5.99
55,Severo-Kurilsk,RU,2021-11-23 05:06:04,50.6789,156.125,38.16,85,96,19.28
56,Cape Town,ZA,2021-11-23 05:06:04,-33.9258,18.4232,67.12,68,3,11.41
57,Hobart,AU,2021-11-23 05:02:32,-42.8794,147.3294,76.05,58,75,3.0
58,Provideniya,RU,2021-11-23 05:06:05,64.3833,-173.3,10.51,52,1,13.42
59,Tecoanapa,MX,2021-11-23 05:06:05,16.5167,-98.75,77.67,83,7,4.76
60,Ostrow Mazowiecka,PL,2021-11-23 05:06:05,52.8024,21.8951,33.62,90,60,9.51
61,Nsanje,MW,2021-11-23 05:06:06,-16.92,35.262,82.18,64,48,3.67
62,Bay Roberts,CA,2021-11-23 05:06:06,47.5999,-53.2648,38.34,90,86,1.01
63,Tieli,CN,2021-11-23 05:06:06,46.95,128.05,14.5,93,100,16.51
64,Antananarivo,MG,2021-11-23 05:04:03,-18.9137,47.5361,71.56,60,20,4.61
65,Oranjemund,NA,2021-11-23 05:06:07,-28.55,16.4333,63.81,77,96,7.96
66,Castro,BR,2021-11-23 05:01:32,-24.7911,-50.0119,61.05,62,61,3.11
67,Fortuna,US,2021-11-23 05:06:07,40.5982,-124.1573,49.12,92,90,4.0
68,Khatanga,RU,2021-11-23 05:01:25,71.9667,102.5,-1.61,79,99,22.46
69,Skegness,GB,2021-11-23 05:06:07,53.1436,0.3363,42.06,67,84,7.29
70,Nome,US,2021-11-23 05:06:08,64.5011,-165.4064,8.67,47,1,18.41
71,Bahia Blanca,AR,2021-11-23 05:06:08,-38.7196,-62.2724,52.97,70,1,10.63
72,Bonavista,CA,2021-11-23 05:06:08,48.6499,-53.1147,38.12,75,87,20.15
73,Stornoway,GB,2021-11-23 05:05:32,58.2093,-6.3865,46.36,94,90,1.99
74,Saldanha,ZA,2021-11-23 05:06:09,-33.0117,17.9442,62.42,75,3,13.89
75,Nizwa,OM,2021-11-23 05:01:44,22.9333,57.5333,80.28,15,2,0.72
76,College,US,2021-11-23 05:06:09,64.8569,-147.8028,1.58,68,90,12.66
77,Abu Samrah,SY,2021-11-23 05:06:09,35.3029,37.1841,55.04,67,0,2.28
78,Vila Velha,BR,2021-11-23 05:06:10,-20.3297,-40.2925,69.75,89,75,2.3
79,Bluff,NZ,2021-11-23 05:06:10,-46.6,168.3333,56.44,72,33,12.71
80,Impfondo,CG,2021-11-23 05:06:10,1.6381,18.0667,70.57,86,74,1.54
81,New Norfolk,AU,2021-11-23 05:06:10,-42.7826,147.0587,77.88,38,100,3.0
82,Zheleznodorozhnyy,RU,2021-11-23 05:06:11,55.7503,38.0042,23.22,88,34,5.88
83,Lebu,CL,2021-11-23 05:06:11,-37.6167,-73.65,53.19,89,0,18.54
84,Ambilobe,MG,2021-11-23 05:06:11,-13.2,49.05,83.12,58,81,4.27
85,San Antonio,US,2021-11-23 05:04:22,29.4241,-98.4936,55.29,69,1,4.61
86,Pontianak,ID,2021-11-23 05:06:12,-0.0333,109.3333,87.78,70,40,5.75
87,Qaanaaq,GL,2021-11-23 05:05:08,77.484,-69.3632,-7.73,88,96,7.31
88,Casa Nova,BR,2021-11-23 05:06:12,-9.4167,-41.1333,80.58,59,86,18.05
89,Sao Joao Da Barra,BR,2021-11-23 05:05:08,-21.6403,-41.0511,66.96,77,42,4.54
90,Faanui,PF,2021-11-23 05:04:23,-16.4833,-151.75,81.23,75,100,10.8
91,Bom Jesus,BR,2021-11-23 05:01:13,-9.0744,-44.3586,76.69,68,99,0.98
92,Fonte Boa,BR,2021-11-23 05:06:12,-2.4959,-66.2662,72.97,99,100,1.45
93,Panama City,PA,2021-11-23 05:04:00,8.9936,-79.5197,79.05,90,75,2.3
94,Peniche,PT,2021-11-23 05:07:13,39.3558,-9.3811,53.56,67,36,16.53
95,East London,ZA,2021-11-23 05:07:13,-33.0153,27.9116,67.14,88,75,11.5
96,Bengkulu,ID,2021-11-23 05:04:25,-3.8004,102.2655,82.87,66,91,5.37
97,Karratha,AU,2021-11-23 05:07:13,-20.7377,116.8463,90.1,45,79,16.44
98,Noshiro,JP,2021-11-23 05:07:14,40.2039,140.0242,41.94,88,100,10.69
99,Yellowknife,CA,2021-11-23 05:06:35,62.456,-114.3525,-9.58,80,100,3.0
100,Chokurdakh,RU,2021-11-23 05:07:14,70.6333,147.9167,-11.96,99,100,5.64
101,Ossora,RU,2021-11-23 05:07:14,59.2353,163.0719,25.66,96,100,13.58
102,Kloulklubed,PW,2021-11-23 05:02:52,7.0419,134.2556,82.89,77,91,12.88
103,Freeport,US,2021-11-23 05:06:39,40.6576,-73.5832,38.01,53,1,3.0
104,Bethel,US,2021-11-23 05:07:15,41.3712,-73.414,36.55,63,1,5.75
105,Angoche,MZ,2021-11-23 05:07:15,-16.2325,39.9086,82.76,65,37,7.43
106,Norman Wells,CA,2021-11-23 05:07:15,65.282,-126.8329,-12.23,97,100,6.44
107,San Policarpo,PH,2021-11-23 05:07:16,12.1791,125.5072,84.76,68,32,9.6
108,Araouane,ML,2021-11-23 05:07:16,18.9048,-3.5265,74.98,31,99,7.43
109,Fomboni,KM,2021-11-23 05:07:16,-12.28,43.7425,80.92,74,30,16.51
110,Colares,PT,2021-11-23 05:07:17,38.7992,-9.4469,54.9,67,22,8.01
111,Pevek,RU,2021-11-23 05:07:17,69.7008,170.3133,-18.17,95,17,1.83
112,Aljezur,PT,2021-11-23 05:07:17,37.3191,-8.8033,54.18,71,36,10.65
113,Ancud,CL,2021-11-23 05:07:18,-41.8697,-73.8203,47.43,93,48,3.91
114,Cidreira,BR,2021-11-23 05:07:18,-30.1811,-50.2056,68.43,73,7,7.05
115,Longyan,CN,2021-11-23 05:04:59,25.1072,117.0225,60.17,64,96,3.18
116,Marsa Matruh,EG,2021-11-23 05:07:18,31.3525,27.2453,62.92,54,10,6.62
117,Ponta Do Sol,PT,2021-11-23 05:07:19,32.6667,-17.1,67.71,70,94,6.42
118,Sao Miguel Do Araguaia,BR,2021-11-23 05:07:19,-13.275,-50.1628,73.54,93,98,1.57
119,Yulara,AU,2021-11-23 05:07:19,-25.2406,130.9889,81.88,45,63,7.25
120,Fare,PF,2021-11-23 05:07:19,-16.7,-151.0167,80.73,76,100,11.39
121,Chokwe,MZ,2021-11-23 05:07:20,-24.5333,32.9833,72.82,86,100,6.89
122,Cayenne,GF,2021-11-23 05:07:20,4.9333,-52.3333,81.09,86,20,1.99
123,Port Alfred,ZA,2021-11-23 05:07:20,-33.5906,26.891,64.53,81,99,22.5
124,Gorom-Gorom,BF,2021-11-23 05:07:21,14.4439,-0.2361,75.0,15,1,10.27
125,Ilave,PE,2021-11-23 05:07:21,-16.0833,-69.6667,48.0,73,100,2.8
126,Sehithwa,BW,2021-11-23 05:07:21,-20.4667,22.7167,74.5,55,100,4.25
127,Gorin,RU,2021-11-23 05:07:21,51.1983,136.6669,32.67,91,100,19.01
128,Carnarvon,AU,2021-11-23 05:07:22,-24.8667,113.6333,78.75,45,0,19.89
129,Coquimbo,CL,2021-11-23 05:03:16,-29.9533,-71.3436,58.73,82,90,5.75
130,Goundi,TD,2021-11-23 05:07:22,9.3627,17.366,70.81,31,25,4.59
131,Chamonix-Mont-Blanc,FR,2021-11-23 05:07:22,45.9238,6.8693,42.89,97,75,4.29
132,Elizabeth City,US,2021-11-23 05:07:23,36.2946,-76.2511,46.45,68,1,17.27
133,Upernavik,GL,2021-11-23 05:07:23,72.7868,-56.1549,2.25,87,8,6.06
134,Bilibino,RU,2021-11-23 05:07:23,68.0546,166.4372,-21.69,88,4,3.56
135,Hilo,US,2021-11-23 05:05:23,19.7297,-155.09,76.28,93,90,0.0
136,Mildura,AU,2021-11-23 05:07:24,-34.2,142.15,78.76,47,100,8.05
137,Tayoltita,MX,2021-11-23 05:07:24,24.0833,-105.9333,63.57,63,71,5.77
138,Port Hardy,CA,2021-11-23 05:07:24,50.6996,-127.4199,43.2,87,100,1.54
139,Leningradskiy,RU,2021-11-23 05:07:25,69.3833,178.4167,-15.39,89,24,4.14
140,Tiksi,RU,2021-11-23 05:07:25,71.6872,128.8694,-21.96,97,51,7.56
141,Cherskiy,RU,2021-11-23 05:05:26,68.75,161.3,-32.42,100,47,3.98
142,Victoria,HK,2021-11-23 05:08:05,22.2855,114.1577,64.26,74,92,1.99
143,Santa Cruz De Tenerife,ES,2021-11-23 05:08:25,28.4682,-16.2546,72.7,89,20,1.01
144,Cap Malheureux,MU,2021-11-23 05:08:26,-19.9842,57.6142,82.47,61,6,5.99
145,Luena,AO,2021-11-23 05:08:26,-11.7833,19.9167,62.4,99,100,2.95
146,Yeppoon,AU,2021-11-23 05:08:26,-23.1333,150.7333,80.38,70,47,13.02
147,Fairbanks,US,2021-11-23 05:05:27,64.8378,-147.7164,1.6,69,90,1.99
148,Tuatapere,NZ,2021-11-23 05:08:27,-46.1333,167.6833,57.49,70,42,9.17
149,Cardoso,BR,2021-11-23 05:08:27,-20.0819,-49.9142,74.44,61,40,4.23
150,Nahrin,AF,2021-11-23 05:08:27,36.0649,69.1334,59.14,18,30,1.3
151,Monastyrshchina,RU,2021-11-23 05:08:28,54.3496,31.838,22.6,79,80,4.59
152,Mataram,ID,2021-11-23 05:08:28,-8.5833,116.1167,92.21,66,79,5.7
153,Portland,US,2021-11-23 05:05:07,45.5234,-122.6762,46.17,91,90,1.01
154,Rio Gallegos,AR,2021-11-23 05:08:28,-51.6226,-69.2181,44.65,53,75,2.3
155,Pryluky,UA,2021-11-23 05:08:29,50.5932,32.3876,29.19,72,100,4.97
156,Sheboygan,US,2021-11-23 05:07:50,43.7333,-87.9334,25.38,58,1,1.99
157,Lebanon,US,2021-11-23 05:07:08,36.2081,-86.2911,31.59,78,1,0.0
158,Qaqortoq,GL,2021-11-23 05:08:29,60.7167,-46.0333,21.7,82,3,5.5
159,Avarua,CK,2021-11-23 05:04:24,-21.2078,-159.775,77.05,73,90,5.75
160,Vila Franca Do Campo,PT,2021-11-23 05:08:29,37.7167,-25.4333,68.2,88,95,14.07
161,Padang,ID,2021-11-23 05:08:30,-0.9492,100.3543,86.05,65,100,5.86
162,Saint-Francois,FR,2021-11-23 05:08:30,46.4154,3.9054,41.68,78,90,6.91
163,Xining,CN,2021-11-23 05:08:30,36.6167,101.7667,35.74,21,0,1.59
164,Grootfontein,NA,2021-11-23 05:08:31,-19.5667,18.1167,64.06,18,20,10.63
165,Saint-Pierre,RE,2021-11-23 05:08:31,-21.3393,55.4781,82.08,64,0,8.05
166,Arraial Do Cabo,BR,2021-11-23 05:08:31,-22.9661,-42.0278,67.86,73,0,6.91
167,Huarmey,PE,2021-11-23 05:08:32,-10.0681,-78.1522,65.57,84,98,6.64
168,Eskisehir,TR,2021-11-23 05:08:32,39.7767,30.5206,30.11,100,40,0.0
169,Orichi,RU,2021-11-23 05:08:32,58.4036,49.0572,17.94,89,100,12.35
170,Klaksvik,FO,2021-11-23 05:08:32,62.2266,-6.589,47.32,80,100,31.29
171,Usinsk,RU,2021-11-23 05:08:33,65.9939,57.5281,1.6,98,99,10.13
172,Husavik,IS,2021-11-23 05:08:33,66.0449,-17.3389,32.0,92,26,7.38
173,Awbari,LY,2021-11-23 05:08:33,26.5921,12.7805,61.74,44,89,4.76
174,Vaini,TO,2021-11-23 05:08:34,-21.2,-175.2,80.76,83,75,8.05
175,Torbay,CA,2021-11-23 05:08:34,47.6666,-52.7314,37.58,83,44,1.01
176,Butterworth,MY,2021-11-23 05:08:34,5.3991,100.3638,87.84,74,20,10.36
177,Salalah,OM,2021-11-23 05:08:34,17.0151,54.0924,86.09,15,0,13.8
178,Wenling,CN,2021-11-23 05:08:35,28.3669,121.36,51.51,43,7,6.17
179,Sao Jose Do Campestre,BR,2021-11-23 05:08:35,-6.3156,-35.7139,72.9,85,69,5.53
180,Austin,US,2021-11-23 05:07:06,30.2672,-97.7431,58.69,44,1,1.99
181,Ust-Nera,RU,2021-11-23 05:08:35,64.5667,143.2,-23.82,98,66,2.93
182,Komsomolskiy,UZ,2021-11-23 05:08:36,40.4272,71.7189,42.22,29,6,1.72
183,Intipuca,SV,2021-11-23 05:08:36,13.1969,-88.0544,74.55,85,34,3.83
184,Hamilton,US,2021-11-23 05:04:03,39.1834,-84.5333,29.05,78,1,1.99
185,Saint George,US,2021-11-23 05:07:05,37.1041,-113.5841,48.79,32,1,1.99
186,Port Blair,IN,2021-11-23 05:09:36,11.6667,92.75,84.81,70,79,11.27
187,Zolotkovo,RU,2021-11-23 05:09:37,55.5281,41.1053,14.94,96,80,5.55
188,Tiquicheo,MX,2021-11-23 05:09:37,18.8833,-100.7333,74.1,70,44,2.42
189,Baniachang,BD,2021-11-23 05:09:37,24.5167,91.3667,81.07,48,0,4.61
190,Kawalu,ID,2021-11-23 05:09:38,-7.3817,108.2082,81.23,80,86,2.53
191,Taltal,CL,2021-11-23 05:09:38,-25.4,-70.4833,58.98,85,93,3.36
192,Ornskoldsvik,SE,2021-11-23 05:09:38,63.2909,18.7153,13.15,100,74,6.91
193,Chapais,CA,2021-11-23 05:09:38,49.7834,-74.8492,11.98,90,100,10.07
194,Broome,US,2021-11-23 05:09:39,42.2506,-75.833,29.01,76,1,3.0
195,Yumen,CN,2021-11-23 05:09:39,40.2833,97.2,35.87,23,5,27.34
196,Islamkot,PK,2021-11-23 05:09:39,24.6997,70.177,82.58,11,1,0.45
197,Ketchikan,US,2021-11-23 05:09:40,55.3422,-131.6461,39.18,93,90,3.44
198,Huadian,CN,2021-11-23 05:09:40,42.9633,126.7478,18.5,59,100,19.82
199,Saint-Augustin,CA,2021-11-23 05:09:40,51.226,-58.6502,41.23,80,100,21.83
200,Kaitangata,NZ,2021-11-23 05:09:41,-46.2817,169.8464,55.81,64,77,5.06
201,La Serena,CL,2021-11-23 05:09:41,-29.9078,-71.2542,58.51,82,90,5.75
202,Warrington,GB,2021-11-23 05:09:41,53.3925,-2.5802,48.27,94,90,8.05
203,Kamenka,RU,2021-11-23 05:09:42,51.3223,42.7678,27.75,75,100,5.23
204,Half Moon Bay,US,2021-11-23 05:06:15,37.4636,-122.4286,60.62,73,1,0.0
205,Chuy,UY,2021-11-23 05:09:42,-33.6971,-53.4616,62.56,68,7,16.26
206,Kodiak,US,2021-11-23 05:09:42,57.79,-152.4072,11.71,62,1,6.91
207,Popondetta,PG,2021-11-23 05:09:43,-8.7537,148.2534,87.49,63,42,4.27
208,Andenes,NO,2021-11-23 05:09:43,69.3143,16.1194,31.98,100,90,10.36
209,Faya,SA,2021-11-23 05:09:43,18.3851,42.4509,61.32,52,13,2.21
210,Llanes,ES,2021-11-23 05:09:44,43.4198,-4.7549,55.89,82,100,16.82
211,Hami,CN,2021-11-23 05:09:44,42.8,93.45,31.44,42,53,1.72
212,Shingu,JP,2021-11-23 05:09:45,33.7333,135.9833,54.09,54,4,14.32
213,Batagay,RU,2021-11-23 05:09:45,67.6333,134.6333,-30.82,99,24,2.77
214,Avera,US,2021-11-23 05:09:45,33.194,-82.5271,49.87,40,25,10.63
215,Columbus,US,2021-11-23 05:06:48,39.9612,-82.9988,29.57,80,1,8.05
216,Vanimo,PG,2021-11-23 05:09:46,-2.6741,141.3028,84.49,74,57,6.02
217,Lashio,MM,2021-11-23 05:07:51,22.9333,97.75,71.6,77,85,2.82
218,Hendek,TR,2021-11-23 05:09:46,40.7994,30.7481,47.95,64,13,5.91
219,Robertsport,LR,2021-11-23 05:09:47,6.7533,-11.3686,77.45,89,13,5.46
220,Lohja,FI,2021-11-23 05:09:47,60.2486,24.0653,34.18,100,100,2.82
221,Kudahuvadhoo,MV,2021-11-23 05:09:47,2.6708,72.8944,82.06,74,100,18.68
222,Shorapur,IN,2021-11-23 05:09:48,16.5167,76.75,80.17,71,32,7.18
223,Pueblo,US,2021-11-23 05:09:48,38.2545,-104.6091,47.84,35,1,5.75
224,Laguna,US,2021-11-23 05:09:48,38.421,-121.4238,57.02,92,1,0.0
225,Hithadhoo,MV,2021-11-23 05:09:48,-0.6,73.0833,81.16,79,100,17.81
226,Klyuchi,RU,2021-11-23 05:09:49,52.2667,79.1667,35.87,83,100,23.76
227,Warud,IN,2021-11-23 05:09:49,21.4667,78.2667,82.94,54,4,4.14
228,Zhangye,CN,2021-11-23 05:08:23,38.9342,100.4517,36.41,23,0,4.47
229,Udachnyy,RU,2021-11-23 05:10:50,66.4167,112.4,-29.7,100,89,6.69
230,Mega,ET,2021-11-23 05:10:50,4.05,38.3,66.18,52,87,9.4
231,Igrim,RU,2021-11-23 05:10:50,63.1906,64.4162,11.93,96,97,4.52
232,Kamaishi,JP,2021-11-23 05:10:51,39.2667,141.8833,48.33,73,72,14.83
233,Buraydah,SA,2021-11-23 05:10:51,26.326,43.975,60.37,67,3,12.12
234,Fukue,JP,2021-11-23 05:10:51,32.6881,128.8419,54.12,62,99,27.51
235,Vostok,RU,2021-11-23 05:10:52,46.4856,135.8833,10.58,91,100,14.07
236,Atbasar,KZ,2021-11-23 05:10:52,51.8,68.3333,26.74,94,82,16.15
237,Misratah,LY,2021-11-23 05:07:17,32.3754,15.0925,67.6,68,3,10.71
238,Bathsheba,BB,2021-11-23 05:10:52,13.2167,-59.5167,78.1,81,97,10.76
239,Mareeba,AU,2021-11-23 05:10:53,-17.0,145.4333,89.44,62,22,11.18
240,Nanortalik,GL,2021-11-23 05:10:53,60.1432,-45.2371,20.28,74,4,13.62
241,Richards Bay,ZA,2021-11-23 05:10:54,-28.783,32.0377,69.06,89,100,11.41
242,Yaan,NG,2021-11-23 05:10:55,7.3833,8.5667,75.24,87,79,5.7
243,Alice Springs,AU,2021-11-23 05:09:38,-23.7,133.8833,76.55,65,97,14.97
244,Lubango,AO,2021-11-23 05:10:55,-14.9172,13.4925,60.67,62,83,1.92
245,Port Macquarie,AU,2021-11-23 05:10:56,-31.4333,152.9167,73.89,75,63,7.7
246,Lucea,JM,2021-11-23 05:10:56,18.451,-78.1736,79.86,70,92,5.99
247,Rasulnagar,PK,2021-11-23 05:10:56,32.3285,73.7814,61.03,17,0,2.95
248,Cockburn Town,TC,2021-11-23 05:10:57,21.4612,-71.1419,81.28,74,4,12.08
249,Brae,GB,2021-11-23 05:10:57,60.3964,-1.353,48.11,81,100,22.1
250,Dehloran,IR,2021-11-23 05:07:15,32.6941,47.2679,67.26,49,0,1.25
251,Santa Fe,AR,2021-11-23 05:09:12,-31.6333,-60.7,78.01,44,28,4.0
252,Ortona,IT,2021-11-23 05:10:57,42.3496,14.4039,57.27,86,99,4.14
253,Iisalmi,FI,2021-11-23 05:10:58,63.5592,27.1907,24.82,99,87,1.48
254,Bredasdorp,ZA,2021-11-23 05:10:58,-34.5322,20.0403,61.29,67,20,5.14
255,Mao,ES,2021-11-23 05:10:58,39.8885,4.2658,52.36,93,0,6.91
256,Fairview,US,2021-11-23 05:10:59,40.8126,-73.999,37.2,54,1,3.44
257,Barberton,ZA,2021-11-23 05:10:59,-25.7884,31.0532,63.93,82,88,2.3
258,Arzgir,RU,2021-11-23 05:10:59,45.3728,44.2206,44.2,69,3,9.91
259,Codrington,AU,2021-11-23 05:11:00,-38.2667,141.9667,66.54,90,100,16.46
260,Beloha,MG,2021-11-23 05:11:00,-25.1667,45.05,80.08,59,62,4.27
261,Virginia Beach,US,2021-11-23 05:08:47,36.8529,-75.978,46.02,63,95,3.0
262,Hoskote,IN,2021-11-23 05:11:00,13.0669,77.7983,81.59,71,40,4.61
263,Khani,GE,2021-11-23 05:11:01,41.9563,42.9566,31.57,56,5,5.61
264,Dikson,RU,2021-11-23 05:11:01,73.5069,80.5464,-9.22,96,100,17.54
265,Kavieng,PG,2021-11-23 05:11:01,-2.5744,150.7967,84.47,74,57,13.94
266,Buin,CL,2021-11-23 05:11:02,-33.7333,-70.75,72.73,48,0,1.57
267,Boralday,KZ,2021-11-23 05:11:02,43.3578,76.8594,39.06,65,40,2.24
268,Rio Claro,BR,2021-11-23 05:10:45,-22.4114,-47.5614,60.8,64,5,0.74
269,Mar Del Plata,AR,2021-11-23 05:09:52,-38.0023,-57.5575,55.87,63,5,11.99
270,Lagoa,PT,2021-11-23 05:11:02,39.05,-27.9833,64.8,87,34,18.54
271,Mayo,US,2021-11-23 05:11:03,38.8876,-76.5119,39.18,55,1,7.0
272,Ahipara,NZ,2021-11-23 05:08:59,-35.1667,173.1667,65.26,68,20,10.38
273,Mokhsogollokh,RU,2021-11-23 05:11:03,61.4681,128.9203,-13.95,85,100,3.09
274,Clyde River,CA,2021-11-23 05:11:03,70.4692,-68.5914,4.24,96,100,3.44
275,Mahebourg,MU,2021-11-23 05:12:04,-20.4081,57.7,82.26,65,20,8.12
276,Pangnirtung,CA,2021-11-23 05:12:04,66.1451,-65.7125,22.86,75,100,15.7
277,Ribeira Grande,PT,2021-11-23 05:12:04,38.5167,-28.7,65.95,86,22,18.12
278,Grindavik,IS,2021-11-23 05:12:04,63.8424,-22.4338,39.67,81,75,11.5
279,Pacifica,US,2021-11-23 05:12:05,37.6138,-122.4869,61.07,73,20,4.0
280,La Ronge,CA,2021-11-23 05:12:05,55.1001,-105.2842,21.78,91,100,11.43
281,Port Lincoln,AU,2021-11-23 05:12:05,-34.7333,135.8667,68.27,62,98,12.86
282,Ambulu,ID,2021-11-23 05:12:06,-8.345,113.6058,84.52,74,100,5.28
283,Banda Aceh,ID,2021-11-23 05:12:06,5.5577,95.3222,83.86,71,96,7.67
284,Guaraniacu,BR,2021-11-23 05:12:06,-25.1008,-52.8781,62.11,66,94,0.54
285,Ko Samui,TH,2021-11-23 05:12:06,9.5357,99.9357,81.54,81,100,10.69
286,Sorland,NO,2021-11-23 05:12:07,67.667,12.6934,35.67,76,100,27.31
287,Naze,JP,2021-11-23 05:12:07,28.3667,129.4833,60.28,64,90,15.23
288,Sironko,UG,2021-11-23 05:12:07,1.2313,34.2477,71.65,49,100,0.69
289,Meulaboh,ID,2021-11-23 05:12:08,4.1363,96.1285,80.37,80,100,2.66
290,Sao Filipe,CV,2021-11-23 05:12:08,14.8961,-24.4956,79.75,64,1,7.87
291,Hasaki,JP,2021-11-23 05:12:08,35.7333,140.8333,61.2,75,100,16.82
292,Chama,CH,2021-11-23 05:12:09,47.1821,8.4636,43.05,83,90,6.91
293,Buala,SB,2021-11-23 05:12:09,-8.145,159.5921,84.38,74,81,10.16
294,Mecca,SA,2021-11-23 05:09:32,21.4267,39.8261,72.97,41,83,4.56
295,Palmer,US,2021-11-23 05:12:09,42.1584,-72.3287,35.22,67,1,3.44
296,Namibe,AO,2021-11-23 05:12:10,-15.1961,12.1522,69.04,76,63,5.57
297,Vung Tau,VN,2021-11-23 05:12:10,10.346,107.0843,82.67,73,96,7.43
298,Port Augusta,AU,2021-11-23 05:12:10,-32.5,137.7667,82.71,27,84,19.95
299,Revelstoke,CA,2021-11-23 05:12:10,50.9832,-118.2023,35.62,97,100,3.6
300,Lukang,TW,2021-11-23 05:12:11,24.0567,120.4352,68.05,70,100,21.94
301,Cabo San Lucas,MX,2021-11-23 05:10:06,22.8909,-109.9124,70.61,83,1,0.0
302,Beringovskiy,RU,2021-11-23 05:12:11,63.05,179.3167,-3.06,99,95,13.42
303,Koumac,NC,2021-11-23 05:12:11,-20.5667,164.2833,81.66,68,91,7.38
304,Lafiagi,NG,2021-11-23 05:08:10,8.8667,5.4167,74.5,48,34,1.54
305,Narsaq,GL,2021-11-23 05:12:12,60.9167,-46.05,21.42,70,1,6.46
306,Kalmunai,LK,2021-11-23 05:12:12,7.4167,81.8167,77.74,88,100,7.16
307,Comarapa,BO,2021-11-23 05:12:13,-17.9,-64.4833,59.32,93,100,2.01
308,Marquette,US,2021-11-23 05:12:13,46.5333,-87.6335,20.34,67,33,5.86
309,Margate,GB,2021-11-23 05:10:08,51.3813,1.3862,43.3,88,81,14.7
310,Mendoza,AR,2021-11-23 05:09:52,-32.8908,-68.8272,71.96,32,4,1.59
311,Tepalcatepec,MX,2021-11-23 05:12:13,19.1833,-102.85,74.57,59,78,1.79
312,Goderich,CA,2021-11-23 05:12:14,43.7501,-81.7165,36.91,63,99,19.06
313,Aldan,RU,2021-11-23 05:12:14,58.6031,125.3894,-8.79,92,100,4.14
314,Onega,RU,2021-11-23 05:12:14,63.9061,38.1404,20.14,85,79,14.74
315,Novosheshminsk,RU,2021-11-23 05:12:14,55.0651,51.2338,20.25,91,99,13.89
316,Nishihara,JP,2021-11-23 05:12:15,26.1842,127.7558,69.08,58,75,14.97
317,Road Town,VG,2021-11-23 05:12:15,18.4167,-64.6167,78.01,73,32,13.11
318,Flinders,AU,2021-11-23 05:12:15,-34.5833,150.8552,73.18,72,100,4.0
319,Ahuimanu,US,2021-11-23 05:12:16,21.4447,-157.8378,78.51,75,90,12.66
320,Arman,RU,2021-11-23 05:13:16,59.7,150.1667,10.02,78,8,12.12
321,San Rafael,AR,2021-11-23 05:13:16,-34.6177,-68.3301,67.89,30,0,1.41
322,Rondonopolis,BR,2021-11-23 05:13:16,-16.4708,-54.6356,74.43,91,99,1.21
323,Gimli,CA,2021-11-23 05:13:17,50.6336,-96.9907,20.43,83,78,15.82
324,Poum,NC,2021-11-23 05:13:17,-20.2333,164.0167,78.3,75,85,4.59
325,Kalengwa,ZM,2021-11-23 05:13:17,-13.4659,25.0027,65.05,96,99,2.21
326,Arkhara,RU,2021-11-23 05:13:18,49.4212,130.0842,23.59,95,100,15.77
327,Granada,ES,2021-11-23 05:11:46,37.25,-3.25,37.45,92,62,5.57
328,Turukhansk,RU,2021-11-23 05:13:18,65.8167,87.9833,16.29,85,100,20.69
329,Esperance,AU,2021-11-23 05:13:18,-33.8667,121.9,62.64,67,84,16.93
330,Bilma,NE,2021-11-23 05:13:18,18.6853,12.9164,70.5,25,1,8.61
331,Severouralsk,RU,2021-11-23 05:13:19,60.1533,59.952,16.84,82,100,6.96
332,Anadyr,RU,2021-11-23 05:13:19,64.75,177.4833,-10.7,77,0,8.95
333,Taywarah,AF,2021-11-23 05:13:19,33.35,64.4167,43.45,37,9,1.28
334,Nuuk,GL,2021-11-23 05:12:58,64.1835,-51.7216,21.81,79,20,3.44
335,Ikom,NG,2021-11-23 05:13:20,5.9667,8.7063,73.44,97,69,0.89
336,Antofagasta,CL,2021-11-23 05:12:42,-23.65,-70.4,61.88,79,80,1.07
337,Tazovskiy,RU,2021-11-23 05:13:20,67.4667,78.7,14.58,94,100,14.79
338,Mehamn,NO,2021-11-23 05:13:20,71.0357,27.8492,26.78,67,100,8.68
339,Magdagachi,RU,2021-11-23 05:13:21,53.45,125.8,17.49,59,100,11.07
340,Lindi,TZ,2021-11-23 05:09:15,-10.0,39.7167,82.13,67,67,4.38
341,Doha,QA,2021-11-23 05:08:28,25.2867,51.5333,76.98,94,6,3.44
342,Sabang,ID,2021-11-23 05:13:21,5.8933,95.3214,81.93,73,95,10.27
343,Nikolskoye,RU,2021-11-23 05:13:21,59.7035,30.7861,28.02,95,100,5.68
344,Lensk,RU,2021-11-23 05:13:22,60.7253,114.9278,-3.91,88,7,2.91
345,Dwarka,IN,2021-11-23 05:13:22,22.2394,68.9678,82.99,40,33,7.02
346,Salym,RU,2021-11-23 05:13:22,60.0625,71.4789,20.7,92,100,8.75
347,Rioja,AR,2021-11-23 05:13:22,-29.4111,-66.8507,75.87,66,66,3.27
348,Rocha,UY,2021-11-23 05:08:47,-34.4833,-54.3333,60.13,65,55,16.6
349,Laiyang,CN,2021-11-23 05:13:23,36.9758,120.7136,43.45,27,1,14.76
350,Hambantota,LK,2021-11-23 05:13:23,6.1241,81.1185,84.13,66,97,3.36
351,Kamwenge,UG,2021-11-23 05:13:23,0.1866,30.4539,63.72,92,64,0.85
352,Teguldet,RU,2021-11-23 05:13:24,57.3064,88.1667,28.63,84,100,12.12
353,Verkhnyaya Toyma,RU,2021-11-23 05:13:24,62.2349,44.9985,23.27,94,100,10.85
354,Russell,US,2021-11-23 05:13:24,32.3502,-85.1999,45.68,59,21,9.13
355,Akcaabat,TR,2021-11-23 05:13:25,41.0212,39.5715,57.07,67,0,4.61
356,Durban,ZA,2021-11-23 05:13:25,-29.8579,31.0292,71.02,81,100,5.01
357,Nueva Loja,EC,2021-11-23 05:13:25,0.0847,-76.8828,70.74,98,91,0.65
358,Gunnedah,AU,2021-11-23 05:13:25,-30.9833,150.25,83.84,56,99,4.9
359,Chulym,RU,2021-11-23 05:13:26,55.0997,80.9572,29.43,96,100,17.65
360,Sioux Lookout,CA,2021-11-23 05:13:26,50.1001,-91.917,-1.34,100,86,3.13
361,Moron,AR,2021-11-23 05:13:26,-34.6534,-58.6198,64.09,44,83,8.01
362,Lorengau,PG,2021-11-23 05:13:26,-2.0226,147.2712,79.45,87,100,8.19
363,Sloboda,RU,2021-11-23 05:13:27,51.1421,40.3021,28.63,73,100,4.88
364,Tamandare,BR,2021-11-23 05:13:27,-8.7597,-35.1047,77.56,76,69,4.14
365,Saint-Philippe,RE,2021-11-23 05:13:27,-21.3585,55.7679,81.99,64,24,9.86
366,Veshenskaya,RU,2021-11-23 05:13:28,49.6303,41.7334,36.18,72,100,5.82
367,Auriflama,BR,2021-11-23 05:13:28,-20.6856,-50.5547,73.58,54,12,2.19
368,Ferme-Neuve,CA,2021-11-23 05:14:28,46.7001,-75.4493,24.26,67,98,6.49
369,Sinnamary,GF,2021-11-23 05:14:29,5.3833,-52.95,77.45,88,75,5.55
370,Hurghada,EG,2021-11-23 05:14:29,27.2574,33.8129,65.39,58,0,10.85
371,Mayumba,GA,2021-11-23 05:14:29,-3.432,10.6554,75.02,94,100,10.22
372,Karakol,KG,2021-11-23 05:14:29,42.4907,78.3936,33.71,51,10,0.87
373,San Pedro,PH,2021-11-23 05:12:32,14.35,121.0167,89.31,67,83,13.2
374,Uige,AO,2021-11-23 05:14:30,-7.6087,15.0613,65.8,94,100,1.57
375,Jasper,US,2021-11-23 05:11:20,37.2001,-94.3502,43.83,56,1,3.44
376,Manica,FR,2021-11-23 05:14:30,49.0,-1.1667,38.61,78,4,9.33
377,Isangel,VU,2021-11-23 05:14:30,-19.55,169.2667,84.31,84,75,6.91
378,Verkhniy Lomov,RU,2021-11-23 05:14:31,53.4678,43.5511,12.54,98,93,5.77
379,Coos Bay,US,2021-11-23 05:14:31,43.3665,-124.2179,51.78,90,90,0.0
380,Great Yarmouth,GB,2021-11-23 05:14:31,52.6083,1.7305,42.03,84,99,11.59
381,Cittanova,IT,2021-11-23 05:14:32,38.3552,16.0798,57.97,77,59,0.43
382,Ucluelet,CA,2021-11-23 05:12:07,48.9329,-125.5528,46.09,92,100,3.38
383,Sungurlu,TR,2021-11-23 05:14:32,40.1675,34.3739,44.2,76,54,3.42
384,Sampit,ID,2021-11-23 05:14:32,-2.5333,112.95,89.31,67,59,1.36
385,San Luis,AR,2021-11-23 05:14:33,-33.295,-66.3356,69.3,31,7,19.13
386,Halifax,CA,2021-11-23 05:12:20,44.6453,-63.5724,56.34,93,100,20.0
387,Rawson,AR,2021-11-23 05:14:33,-43.3002,-65.1023,50.58,59,83,14.9
388,Santa Isabel,BR,2021-11-23 05:14:33,-23.3156,-46.2214,66.65,96,3,2.46
389,Askarovo,RU,2021-11-23 05:14:34,53.3372,58.5089,20.35,73,75,17.9
390,Rivers,CA,2021-11-23 05:14:34,50.0308,-100.2403,16.43,94,80,6.55
391,San Patricio,US,2021-11-23 05:13:44,28.017,-97.5169,64.83,50,100,6.93
392,Lompoc,US,2021-11-23 05:14:34,34.6391,-120.4579,71.13,51,1,4.61
393,Sheridan,US,2021-11-23 05:14:35,44.8333,-106.9173,51.98,47,1,4.61
394,Ostrovnoy,RU,2021-11-23 05:14:35,68.0531,39.5131,21.27,94,43,13.27
395,Sorong,ID,2021-11-23 05:14:35,-0.8833,131.25,84.65,69,36,6.78
396,Geraldton,AU,2021-11-23 05:14:35,-28.7667,114.6,75.61,50,0,21.85
397,Kangaatsiaq,GL,2021-11-23 05:14:36,68.3065,-53.4641,19.69,76,86,10.54
398,Seoul,KR,2021-11-23 05:14:36,37.5683,126.9778,38.59,45,82,16.26
399,Sibut,CF,2021-11-23 05:14:36,5.718,19.0739,69.71,67,76,2.21
400,Talnakh,RU,2021-11-23 05:14:37,69.4865,88.3972,7.84,90,100,7.74
401,Muriwai Beach,NZ,2021-11-23 05:14:37,-36.8167,174.45,68.56,73,28,4.0
402,Pafos,CY,2021-11-23 05:12:13,34.7667,32.4167,62.51,67,16,5.75
403,Estepona,ES,2021-11-23 05:14:37,36.4276,-5.1459,53.42,70,18,8.3
404,Sabha,LY,2021-11-23 05:14:37,27.0377,14.4283,62.28,41,90,1.23
405,Shelburne,CA,2021-11-23 05:14:38,44.0787,-80.2041,25.56,97,52,10.74
406,Kieta,PG,2021-11-23 05:14:38,-6.2167,155.6333,84.52,71,72,4.79
407,Gravdal,NO,2021-11-23 05:14:38,68.1214,13.5031,35.49,87,75,6.91
408,Kutum,SD,2021-11-23 05:14:39,14.2,24.6667,58.17,39,3,7.05
409,Touros,BR,2021-11-23 05:14:39,-5.1989,-35.4608,79.7,81,96,10.63
410,Olinda,BR,2021-11-23 05:14:39,-8.0089,-34.8553,80.33,78,40,6.91
411,Shache,CN,2021-11-23 05:14:39,38.4167,77.2406,38.57,27,0,3.2
412,Petropavlovsk-Kamchatskiy,RU,2021-11-23 05:14:40,53.0452,158.6483,32.59,60,0,4.47
413,Havoysund,NO,2021-11-23 05:14:40,70.9963,24.6622,26.83,74,100,15.3
414,Santa Rosa,PH,2021-11-23 05:15:40,14.3122,121.1114,90.09,65,78,14.14
415,Yamada,JP,2021-11-23 05:15:41,39.4667,141.95,47.79,71,64,11.25
416,Miquelon,PM,2021-11-23 05:15:41,47.0975,-56.3814,44.71,79,98,30.65
417,Kyaikkami,MM,2021-11-23 05:15:41,16.08,97.5675,85.86,64,22,4.52
418,Carauari,BR,2021-11-23 05:15:42,-4.8828,-66.8958,73.74,99,100,2.04
419,Kandi,BJ,2021-11-23 05:15:42,11.1342,2.9386,73.47,24,6,3.94
420,Williston,US,2021-11-23 05:15:42,48.147,-103.618,42.31,61,2,9.66
421,Long Branch,US,2021-11-23 05:15:43,40.3043,-73.9924,37.56,54,1,4.0
422,Maarianhamina,AX,2021-11-23 05:15:43,60.0973,19.9348,35.46,80,75,11.5
423,George Town,MY,2021-11-23 05:15:12,5.4112,100.3354,87.73,74,20,10.36
424,Sale,MA,2021-11-23 05:15:43,34.0389,-6.8166,59.76,94,75,3.44
425,Hobyo,SO,2021-11-23 05:15:44,5.3505,48.5268,81.18,66,84,8.39
426,Alekseyevsk,RU,2021-11-23 05:15:44,57.8406,108.3492,10.29,82,97,2.48
427,Coihaique,CL,2021-11-23 05:11:17,-45.5752,-72.0662,47.16,93,98,7.56
428,Donskoye,RU,2021-11-23 05:15:44,45.4552,41.9741,46.53,68,25,6.49
429,Wajir,KE,2021-11-23 05:15:45,1.7471,40.0573,78.91,67,100,13.42
430,Kingaroy,AU,2021-11-23 05:13:25,-26.5333,151.8333,68.04,94,75,8.05
431,Pochutla,MX,2021-11-23 05:15:45,15.7432,-96.4661,76.05,85,99,4.16
432,Mandalgovi,MN,2021-11-23 05:15:45,45.7625,106.2708,27.43,25,31,11.23
433,Bojnurd,IR,2021-11-23 05:15:46,37.4747,57.329,40.95,93,45,2.3
434,Nagahama,JP,2021-11-23 05:15:46,35.3833,136.2667,54.64,60,61,15.12
435,Port-Gentil,GA,2021-11-23 05:15:46,-0.7193,8.7815,79.2,86,87,7.14
436,Ishigaki,JP,2021-11-23 05:15:47,24.3448,124.1572,68.13,73,75,18.41
437,Guerrero Negro,MX,2021-11-23 05:15:47,27.9769,-114.0611,68.58,59,100,8.34
438,San Cristobal,VE,2021-11-23 05:15:47,7.7669,-72.225,69.98,98,56,1.3
439,Sangmelima,CM,2021-11-23 05:15:48,2.9333,11.9833,65.86,98,16,0.94
440,Deputatskiy,RU,2021-11-23 05:15:48,69.3,139.9,-23.35,96,95,5.35
441,Atambua,ID,2021-11-23 05:15:48,-9.1061,124.8925,85.57,60,83,4.56
442,Vestmannaeyjar,IS,2021-11-23 05:15:49,63.4427,-20.2734,43.03,76,100,13.51
443,Vanavara,RU,2021-11-23 05:15:49,60.34,102.2797,18.21,93,100,7.36
444,Yerbogachen,RU,2021-11-23 05:15:49,61.2767,108.0108,0.86,80,55,9.64
445,Zinder,NE,2021-11-23 05:15:50,13.8072,8.9881,74.66,21,1,8.75
446,Baoning,CN,2021-11-23 05:15:50,25.3378,110.026,57.06,44,40,4.47
447,Tiznit,MA,2021-11-23 05:15:50,29.5833,-9.5,56.61,64,31,1.77
448,Tekeli,KZ,2021-11-23 05:15:51,44.83,78.8239,39.87,80,99,6.55
449,Burhanpur,IN,2021-11-23 05:15:51,21.3,76.2333,85.78,49,12,2.04
450,Lins,BR,2021-11-23 05:14:01,-21.6786,-49.7425,69.03,40,26,5.86
451,Valdemarpils,LV,2021-11-23 05:15:51,57.3707,22.5919,40.42,90,99,6.98
452,Manaure,CO,2021-11-23 05:15:52,11.7751,-72.4445,78.98,78,100,5.82
453,Gondanglegi,ID,2021-11-23 05:15:52,-7.7479,112.0132,86.47,63,99,0.89
454,Yakeshi,CN,2021-11-23 05:15:52,49.2833,120.7333,9.73,62,96,15.82
455,Trofors,NO,2021-11-23 05:15:53,65.5333,13.4063,36.75,98,100,5.59
456,Boca Do Acre,BR,2021-11-23 05:15:53,-8.7522,-67.3978,72.41,99,100,1.81
457,Bowen,AU,2021-11-23 05:15:53,-20.0167,148.2333,82.67,61,99,11.81
458,Nyimba,ZM,2021-11-23 05:15:54,-14.5566,30.8149,77.68,69,29,2.77
459,Lavrentiya,RU,2021-11-23 05:15:54,65.5833,-171.0,-2.69,93,8,10.18
460,Pundaguitan,PH,2021-11-23 05:16:54,6.3711,126.1689,83.21,75,100,13.87
461,Fos-Sur-Mer,FR,2021-11-23 05:16:55,43.4377,4.9446,49.48,87,0,5.75
462,Tagusao,PH,2021-11-23 05:16:55,9.1924,117.8141,85.89,69,87,7.23
463,Galesong,ID,2021-11-23 05:16:55,-5.3166,119.3661,91.42,69,10,6.55
464,Sisimiut,GL,2021-11-23 05:16:56,66.9395,-53.6735,14.45,78,11,14.52
465,Morehead,US,2021-11-23 05:16:05,37.2711,-87.1764,26.31,95,1,0.0
466,Vardo,NO,2021-11-23 05:16:56,70.3705,31.1107,19.6,48,100,16.71
467,Tukan,RU,2021-11-23 05:16:56,53.8409,57.4552,15.55,93,100,9.91
468,Dandong,CN,2021-11-23 05:16:57,40.1292,124.3947,29.82,28,1,15.77
469,Adrar,MR,2021-11-23 05:16:57,20.5022,-10.0711,73.31,45,100,8.68
470,Joshimath,IN,2021-11-23 05:16:57,30.5667,79.5667,63.54,14,0,4.21
471,Vega De Alatorre,MX,2021-11-23 05:16:57,20.0333,-96.6333,72.72,90,71,8.1
472,Katsuura,JP,2021-11-23 05:12:34,35.1333,140.3,60.91,72,83,4.05
473,Boa Vista,BR,2021-11-23 05:16:58,2.8197,-60.6733,78.78,89,40,3.44
474,Gladstone,AU,2021-11-23 05:16:58,-23.85,151.25,82.33,54,40,11.5
475,Bafq,IR,2021-11-23 05:16:58,31.6128,55.4107,64.04,47,21,4.97
476,Novokuznetsk,RU,2021-11-23 05:15:38,53.7557,87.1099,31.35,86,100,7.96
477,Cam Ranh,VN,2021-11-23 05:16:59,11.9214,109.1591,78.76,83,75,20.71
478,Mananara,MG,2021-11-23 05:16:59,-16.1667,49.7667,75.78,83,73,0.81
479,Pekan,MY,2021-11-23 05:16:59,3.4836,103.3996,80.71,68,100,4.41
480,Koson,UZ,2021-11-23 05:17:00,39.0375,65.585,48.52,26,76,3.36
481,Shahreza,IR,2021-11-23 05:17:00,32.0339,51.8794,46.9,72,3,2.91
482,Coruripe,BR,2021-11-23 05:17:00,-10.1256,-36.1756,76.15,81,14,8.63
483,Vila,PT,2021-11-23 05:17:01,42.0304,-8.1588,44.92,83,95,7.54
484,Estelle,US,2021-11-23 05:17:01,29.8458,-90.1067,57.2,60,1,8.05
485,Kaeo,NZ,2021-11-23 05:17:01,-35.1,173.7833,70.32,79,96,4.27
486,Banting,MY,2021-11-23 05:15:55,2.8167,101.5,92.55,65,94,1.57
487,Karpogory,RU,2021-11-23 05:17:02,64.0019,44.4451,19.62,86,100,9.01
488,Dakar,SN,2021-11-23 05:15:01,14.6937,-17.4441,74.28,53,36,6.98
489,Brookhaven,US,2021-11-23 05:17:02,31.5791,-90.4407,46.06,58,0,5.23
490,Chaparral,CO,2021-11-23 05:17:02,3.7232,-75.4832,66.18,93,95,4.61
491,Evensk,RU,2021-11-23 05:17:03,61.95,159.2333,7.93,81,67,11.97
492,Honiara,SB,2021-11-23 05:17:03,-9.4333,159.95,84.76,72,55,8.14
493,Alofi,NU,2021-11-23 05:17:03,-19.0595,-169.9187,80.49,69,74,9.22
494,Maragogi,BR,2021-11-23 05:17:04,-9.0122,-35.2225,76.62,80,51,4.63
495,Jiazi,CN,2021-11-23 05:17:04,22.8779,116.067,66.61,54,74,10.22
496,Tupiza,BO,2021-11-23 05:17:04,-21.45,-65.7167,55.6,70,100,1.59
497,Nauen,DE,2021-11-23 05:17:05,52.607,12.8737,41.04,86,68,10.76
498,Kruisfontein,ZA,2021-11-23 05:17:05,-34.0033,24.7314,58.89,78,100,9.95
499,Sars,RU,2021-11-23 05:17:05,56.5502,57.1366,20.08,94,100,12.26
500,Caraballeda,VE,2021-11-23 05:17:06,10.6112,-66.8522,79.38,69,40,5.75
501,Yen Bai,VN,2021-11-23 05:17:06,21.7,104.8667,62.04,72,100,1.86
502,Corrente,BR,2021-11-23 05:17:06,-3.7367,-43.3394,73.44,92,99,1.77
503,Kochubey,RU,2021-11-23 05:17:07,44.3861,46.5825,45.84,86,1,7.31
504,Junqueiropolis,BR,2021-11-23 05:17:07,-21.5147,-51.4336,72.45,43,11,3.53
505,Riyadh,SA,2021-11-23 05:15:31,24.6877,46.7219,66.34,55,11,10.4
506,Port Keats,AU,2021-11-23 05:17:07,-14.25,129.55,92.21,56,88,12.66
507,Dudinka,RU,2021-11-23 05:17:08,69.4058,86.1778,12.24,92,100,16.13
508,Minab,IR,2021-11-23 05:18:08,27.1467,57.0801,78.3,31,11,0.81
509,Hun,LY,2021-11-23 05:18:08,29.1268,15.9477,64.31,41,97,5.3
510,Caravelas,BR,2021-11-23 05:18:09,-17.7125,-39.2481,69.42,87,100,3.94
511,Dalvik,IS,2021-11-23 05:18:09,65.9702,-18.5286,39.13,87,78,5.39
512,Salinopolis,BR,2021-11-23 05:18:09,-0.6136,-47.3561,79.39,80,54,7.56
513,Savelugu,GH,2021-11-23 05:18:10,9.6244,-0.8253,75.94,24,20,4.09
514,Meridian,US,2021-11-23 05:18:10,43.6121,-116.3915,38.71,93,1,1.99
515,Gazojak,TM,2021-11-23 05:18:10,41.1875,61.4036,49.66,45,7,6.29
516,Muisne,EC,2021-11-23 05:18:10,0.6,-80.0333,72.48,79,78,6.29
517,Atar,MR,2021-11-23 05:18:11,20.5169,-13.0499,75.76,44,99,7.96
518,Aksu,CN,2021-11-23 05:18:11,41.1231,80.2644,36.32,38,0,1.36
519,Ballina,AU,2021-11-23 05:18:11,-28.8667,153.5667,75.78,78,36,10.76
520,Drumheller,CA,2021-11-23 05:16:01,51.4617,-112.7101,48.04,40,70,8.25
521,Tarnogskiy Gorodok,RU,2021-11-23 05:18:12,60.4997,43.5761,18.61,85,100,12.86
522,Watsa,CD,2021-11-23 05:18:12,3.0372,29.5355,64.83,90,55,1.5
523,Aswan,EG,2021-11-23 05:18:12,24.0934,32.907,61.66,51,0,7.9
524,Eidfjord,NO,2021-11-23 05:18:13,60.4675,7.0719,43.5,98,100,5.23
525,Bandarbeyla,SO,2021-11-23 05:18:13,9.4942,50.8122,80.4,60,88,13.94
526,Elliot,ZA,2021-11-23 05:18:13,-31.3333,27.85,51.66,98,99,5.17
527,Barcelos,PT,2021-11-23 05:18:14,41.5388,-8.6151,42.94,83,80,5.46
528,Tall Kayf,TR,2021-11-23 05:18:14,37.0833,41.0667,47.59,76,0,11.5
529,Alvaraes,BR,2021-11-23 05:18:14,-3.2208,-64.8042,72.57,99,92,2.62
530,Sobolevo,RU,2021-11-23 05:18:15,54.4299,31.8996,22.23,82,80,4.32
531,Zyryanka,RU,2021-11-23 05:18:15,65.75,150.85,-25.06,98,98,5.1
532,Christchurch,NZ,2021-11-23 05:18:15,-43.5333,172.6333,60.91,68,90,3.0
533,Ponta Delgada,PT,2021-11-23 05:18:15,37.7333,-25.6667,68.5,88,40,16.11
534,Lakes Entrance,AU,2021-11-23 05:18:16,-37.8811,147.981,76.57,58,100,8.25
535,Danielskuil,ZA,2021-11-23 05:18:16,-28.1887,23.5395,59.04,67,0,12.75
536,Kaohsiung,TW,2021-11-23 05:15:57,22.6163,120.3133,75.15,64,75,3.0
537,Verkhniy Baskunchak,RU,2021-11-23 05:18:16,48.2256,46.7217,41.14,86,100,10.49
538,Tera,NE,2021-11-23 05:18:17,14.0078,0.7531,75.67,20,0,9.17
539,Iqaluit,CA,2021-11-23 05:16:55,63.7506,-68.5145,29.93,74,90,20.0
540,Rabo De Peixe,PT,2021-11-23 05:18:17,37.8,-25.5833,67.28,99,40,16.11
541,Manzhouli,CN,2021-11-23 05:18:17,49.6,117.4333,11.08,58,1,14.58
542,Bakchar,RU,2021-11-23 05:18:18,57.0186,82.0711,28.6,95,100,11.36
543,Makakilo City,US,2021-11-23 05:16:55,21.3469,-158.0858,77.32,79,90,3.44
544,Camacha,PT,2021-11-23 05:18:18,33.0833,-16.3333,65.62,77,40,11.5
545,Liverpool,GB,2021-11-23 05:17:38,53.4106,-2.9779,48.61,92,90,1.01
546,Kurumkan,RU,2021-11-23 05:18:18,54.3,110.3,6.51,75,41,2.35
547,Soyo,AO,2021-11-23 05:18:19,-6.1349,12.3689,77.29,87,100,4.74
548,Juneau,US,2021-11-23 05:15:19,58.3019,-134.4197,35.22,95,90,3.44
